[
  {
    "Image": "ghcr.io/ma4z-sys/yolks:java",
    "Cmd": "",
    "Env": [
      "START=java -Xms128M -XX:MaxRAMPercentage=95.0 -Dterminal.jline=false -Dterminal.ansi=true -jar server.jar"
    ],
    "Scripts": {
      "Install": [
        {
          "Uri": "https://download.getbukkit.org/spigot/spigot-{{Version}}.jar",
          "Path": "server.jar"
        },
        {
          "Uri": "https://raw.githubusercontent.com/hydren-dev/images_v2/main/spigotmc/server.properties",
          "Path": "server.properties"
        }
      ]
    },
    "Name": "Minecraft Java: SpigotMC",
    "Description": "SpigotMC is a high-performance, open-source server software for Minecraft, designed to enhance and optimize the game's multiplayer experience. It offers extensive configuration options, a vibrant plugin ecosystem, and active community support, making it a popular choice for server administrators seeking to improve gameplay and server performance.",
    "Author": "info@skyport.dev",
    "AuthorName": "Skyport Labs",
    "Meta": {
      "Version": "Skyport Images v2"
    },
    "Id": "d65d70f9-8ea5-4684-8952-e4f91c749f7d",
    "Variables": {
      "Version": {
        "type": "text",
        "default": "1.21",
        "required": true
      }
    }
  },
  {
    "Image": "ghcr.io/ma4z-sys/yolks:minecraft_java_21",
    "Cmd": "",
    "Env": [],
    "Scripts": {
      "Install": [
        {
          "Uri": "https://api.papermc.io/v2/projects/paper/versions/{{Version}}/builds/{{Build}}/downloads/paper-{{Version}}-{{Build}}.jar",
          "Path": "server.jar"
        },
        {
          "Uri": "https://raw.githubusercontent.com/hydren-dev/images_v2/main/spigotmc/server.properties",
          "Path": "server.properties"
        }
      ]
    },
    "Name": "Minecraft Java: PaperMC",
    "Description": "PaperMC is an optimized, high-performance fork of SpigotMC for Minecraft servers. It aims to improve performance and stability by offering additional features, enhanced configuration options, and bug fixes. Known for its robust plugin compatibility and active development community, PaperMC is a preferred choice for server administrators looking to enhance their Minecraft multiplayer experience.",
    "Author": "info@hydren.us.kg",
    "AuthorName": "HydrenLLC",
    "Meta": {
      "Version": "Hydren Images"
    },
    "Id": "53c3de64-4b34-4b9b-951e-29de3a893c7c",
    "Variables": {
      "Version": {
        "type": "text",
        "default": "1.21.4",
        "required": true
      },
      "Build": {
        "type": "text",
        "default": "72",
        "required": true
      }
    }
  },
  {
    "Image": "ghcr.io/ma4z-sys/yolks:python",
    "Cmd": "",
    "Env": [
      "START=pip install -r requirements.txt",
      "START2=python app.py"
    ],
    "Scripts": {
      "Install": [
        {
          "Uri": "https://raw.githubusercontent.com/hydren-dev/images_v2/main/python/requirements.txt",
          "Path": "requirements.txt"
        }
      ]
    },
    "Name": "Generic: Python",
    "Description": "Python is a versatile programming language known for its simplicity and readability. It excels in various applications such as web development, data analysis, artificial intelligence, and scientific computing. Python's extensive standard library and third-party packages make it easy to develop powerful and scalable applications quickly. With its clean syntax and strong community support, Python is a popular choice among developers for building everything from web apps to machine learning models.",
    "Author": "info@skyport.dev",
    "AuthorName": "Skyport Labs",
    "Meta": {
      "Version": "Skyport Images v2"
    },
    "Id": "31dd6753-07b4-45bf-869b-3f1f666bf00f"
  },
  {
    "Image": "ghcr.io/ma4z-sys/yolks:nodejs",
    "Cmd": "",
    "Env": [
      "START=npm install",
      "START2=npm run start"
    ],
    "Scripts": {
      "Install": [
        {
          "Uri": "https://raw.githubusercontent.com/hydren-dev/images_v2/main/nodejs/package.json",
          "Path": "package.json"
        }
      ]
    },
    "Name": "Generic: Node.js",
    "Description": "Node.js is a runtime environment that enables JavaScript code to run outside of web browsers, known for its efficiency in building scalable network applications and backend APIs. It utilizes an event-driven, non-blocking I/O model and boasts a vast ecosystem of packages (npm), making it ideal for modern web development across platforms.",
    "Author": "info@skyport.dev",
    "AuthorName": "Skyport Labs",
    "Meta": {
      "Version": "Skyport Images v2"
    },
    "Id": "bb2afb96-edcc-4c58-bdb9-fd99d52d127b"
  }
]